iter	MultiClass
0	1.443141443
1	1.343586799
2	1.264248915
3	1.203697304
4	1.151707465
5	1.092121184
6	1.049222582
7	1.018644437
8	0.99519163
9	0.9734318397
10	0.9510145106
11	0.9346667794
12	0.9179704569
13	0.8993744186
14	0.8890282851
15	0.8816545114
16	0.8725427912
17	0.8654492232
18	0.8556531494
19	0.8501518363
20	0.8433777323
21	0.8365342515
22	0.8332434187
23	0.8289166675
